State,Prevalence,95% CI
Alabama,49.2,"(47.0, 51.5)"
Alaska,42.7,"(35.5, 50.2)"
Arizona,34.3,"(28.8, 40.3)"
Arkansas,46.2,"(42.9, 49.5)"
California,Insufficient data*,Insufficient data*
Colorado,29.3,"(25.7, 33.1)"
Connecticut,41.3,"(38.1, 44.5)"
Delaware,44.9,"(41.6, 48.2)"
District of Columbia,37.3,"(34.9, 39.7)"
Florida,40.1,"(36.9, 43.3)"
Georgia,43,"(41.0, 45.0)"
Guam,Insufficient data*,Insufficient data*
Hawaii,34,"(26.5, 42.4)"
Idaho,25.1,"(14.2, 40.6)"
Illinois,42.8,"(40.3, 45.3)"
Indiana,45.2,"(42.1, 48.2)"
Iowa,41.8,"(37.0, 46.6)"
Kansas,43.2,"(39.3, 47.2)"
Kentucky,Insufficient data*,Insufficient data*
Louisiana,46.6,"(44.4, 48.8)"
Maine,29.9,"(23.2, 37.5)"
Maryland,40.9,"(39.4, 42.4)"
Massachusetts,34.7,"(31.5, 38.0)"
Michigan,44,"(41.4, 46.5)"
Minnesota,35.2,"(32.4, 38.2)"
Mississippi,Insufficient data*,Insufficient data*
Missouri,43.8,"(40.7, 47.0)"
Montana,37.2,"(22.9, 54.2)"
Nebraska,40.3,"(35.9, 44.9)"
Nevada,Insufficient data*,Insufficient data*
New Hampshire,31.3,"(20.1, 45.3)"
New Jersey,37.6,"(34.9, 40.3)"
New Mexico,42,"(31.4, 53.5)"
New York,36,"(34.4, 37.7)"
North Carolina,46,"(43.1, 48.9)"
North Dakota,30.1,"(23.7, 37.3)"
Ohio,41.5,"(38.5, 44.7)"
Oklahoma,44.7,"(40.7, 48.8)"
Oregon,38,"(30.2, 46.4)"
Pennsylvania,Insufficient data*,Insufficient data*
Puerto Rico,Insufficient data*,Insufficient data*
Rhode Island,36,"(31.1, 41.1)"
South Carolina,47.5,"(44.4, 50.6)"
South Dakota,20.3,"(11.0, 34.5)"
Tennessee,Insufficient data*,Insufficient data*
Texas,43.7,"(40.3, 47.0)"
Utah,37.4,"(29.9, 45.6)"
Vermont,23.6,"(16.5, 32.5)"
Virgin Islands,Insufficient data*,Insufficient data*
Virginia,44.4,"(41.7, 47.1)"
Washington,37.5,"(34.7, 40.3)"
West Virginia,41.5,"(34.9, 48.4)"
Wisconsin,44.1,"(40.8, 47.5)"
Wyoming,38.2,"(23.9, 54.9)"
