passage_id,x,y
p0001,-2.659064769744873,2.1986613273620605
p0002,-2.505629539489746,2.4296863079071045
p0003,-2.6529223918914795,2.250187397003174
p0004,-2.2653534412384033,2.185154438018799
p0005,-2.6606078147888184,2.545315742492676
p0006,-2.5132648944854736,2.4156811237335205
p0007,-2.98473858833313,2.5080888271331787
p0008,-2.8377015590667725,2.3856632709503174
p0009,-2.6926286220550537,2.848402738571167
p0010,-2.5247089862823486,2.376088857650757
p0011,-2.7468056678771973,2.345064401626587
p0012,-2.3730931282043457,2.446070909500122
p0013,-2.2900772094726562,2.508519172668457
p0014,-3.3016140460968018,2.954319477081299
p0015,-2.4924733638763428,2.433368682861328
p0016,-2.0831873416900635,3.07293963432312
p0017,-2.254063844680786,2.47285795211792
p0018,-3.4123809337615967,5.165151596069336
p0019,-2.4728894233703613,2.4950098991394043
p0020,-1.9553154706954956,3.937577724456787
p0021,-1.2399405241012573,3.745180606842041
p0022,-0.7814750075340271,3.540172815322876
p0023,-3.483116626739502,2.9392127990722656
p0024,-3.470952033996582,3.737687110900879
p0025,-1.6040300130844116,4.370989799499512
p0026,-3.2101259231567383,3.3644654750823975
p0027,-2.674006462097168,4.214844226837158
p0028,-2.763521432876587,9.268884658813477
p0029,-2.2004668712615967,2.848994255065918
p0030,-3.07504940032959,4.025886058807373
p0031,-3.400601625442505,2.9830877780914307
p0032,-3.5129034519195557,3.316708564758301
p0033,-3.653684377670288,2.8846447467803955
p0034,-0.8722537159919739,3.546419858932495
p0035,-2.8837740421295166,3.816659450531006
p0036,-2.6960489749908447,2.599713087081909
p0037,-3.2208356857299805,2.8237931728363037
p0038,-3.4334583282470703,1.9190912246704102
p0039,-2.9167280197143555,3.0793018341064453
p0040,-3.1505637168884277,3.375105619430542
p0041,-2.8020191192626953,3.6041908264160156
p0042,-3.540468454360962,3.561316967010498
p0043,-3.5084877014160156,2.8095884323120117
p0044,-2.5822391510009766,3.729386806488037
p0045,-2.8042690753936768,3.6099157333374023
p0046,-3.1407132148742676,3.25105881690979
p0047,-3.413160800933838,2.4755420684814453
p0048,-3.4751663208007812,1.8693530559539795
p0049,-3.502232313156128,1.8540096282958984
p0050,-3.687429666519165,1.6355218887329102
p0051,-3.8658878803253174,1.6282938718795776
p0052,-3.596660614013672,2.4414820671081543
p0053,-3.7084126472473145,1.6448640823364258
p0054,-3.7822742462158203,1.694861650466919
p0055,-3.689100503921509,1.60481595993042
p0056,-3.99812388420105,1.6677647829055786
p0057,-4.320993423461914,1.8767398595809937
p0058,-3.7203245162963867,1.6763845682144165
p0059,-3.63873291015625,1.6074033975601196
p0060,-3.911162853240967,1.6821972131729126
p0061,-3.469754219055176,1.902308702468872
p0062,-4.033299446105957,1.6865698099136353
p0063,-4.015937328338623,1.6152008771896362
p0064,-3.9497299194335938,1.6281485557556152
p0065,-4.204923629760742,1.877198338508606
p0066,-4.416498184204102,2.035759210586548
p0067,-4.392492294311523,1.9082356691360474
p0068,-4.398529529571533,1.8579097986221313
p0069,-3.42313551902771,2.5505895614624023
p0070,-4.445450782775879,2.528061866760254
p0071,-4.461447238922119,2.6195034980773926
p0072,-3.2433128356933594,2.9073760509490967
p0073,-3.5759787559509277,3.098921537399292
p0074,-3.692013740539551,3.037259340286255
p0075,-3.54085111618042,3.2708139419555664
p0076,-3.5559511184692383,3.4009647369384766
p0077,-3.7226948738098145,3.1412224769592285
p0078,-2.6942801475524902,4.432534694671631
p0079,-2.850450277328491,3.9798178672790527
p0080,-3.42384672164917,3.1955695152282715
p0081,-3.679964303970337,2.9699952602386475
p0082,-3.8368494510650635,2.961063861846924
p0083,-3.534794330596924,3.0745227336883545
p0084,-3.5347836017608643,2.9447953701019287
p0085,-3.5783705711364746,2.520474433898926
p0086,-3.2526769638061523,3.277509927749634
p0087,-3.9094624519348145,2.7539260387420654
p0088,-4.3036885261535645,2.6284708976745605
p0089,-4.810929775238037,2.5117015838623047
p0090,-4.808090686798096,2.437908172607422
p0091,-5.159361362457275,2.137305498123169
p0092,-4.309330940246582,3.281372308731079
p0093,-4.806901454925537,3.061854839324951
p0094,-4.448873043060303,3.1391868591308594
p0095,-4.444934368133545,2.9350881576538086
p0096,-4.645078182220459,2.2883224487304688
p0097,-4.7208027839660645,2.1179380416870117
p0098,-4.6420769691467285,2.1095683574676514
p0099,-4.260907173156738,3.1381375789642334
p0100,-1.7065808773040771,2.5679986476898193
p0101,-2.505777359008789,4.309874534606934
p0102,-3.790224075317383,2.9365227222442627
p0103,-4.110379695892334,3.2485430240631104
p0104,-3.985745668411255,3.3336739540100098
p0105,-3.836207151412964,2.8884105682373047
p0106,-3.237291097640991,5.287914752960205
p0107,-2.5573172569274902,5.063733100891113
p0108,-3.3202011585235596,4.75922966003418
p0109,-4.27297306060791,2.8304295539855957
p0110,-4.521825790405273,2.233797550201416
p0111,-4.7083821296691895,2.090688943862915
p0112,-5.331356525421143,2.045323371887207
p0113,-5.013473987579346,2.5138192176818848
p0114,-4.950052261352539,2.7833049297332764
p0115,-5.237149238586426,2.111121416091919
p0116,-4.719315528869629,2.695138931274414
p0117,-4.247716903686523,3.5478122234344482
p0118,-4.4868059158325195,3.3813209533691406
p0119,-3.8120832443237305,3.3644659519195557
p0120,-3.951608180999756,3.5290114879608154
p0121,-4.033140182495117,3.24228835105896
p0122,-3.5188345909118652,2.455339193344116
p0123,-3.5506644248962402,2.556763172149658
p0124,-3.7797884941101074,3.603421926498413
p0125,-3.6150503158569336,2.501681089401245
p0126,-4.5978922843933105,2.156611442565918
p0127,-4.6952056884765625,3.234311103820801
p0128,-4.169466495513916,3.1769299507141113
p0129,-4.460395812988281,3.225267171859741
p0130,-4.916061878204346,3.006528377532959
p0131,-4.587646961212158,3.2140939235687256
p0132,-4.879506587982178,3.0356249809265137
p0133,-4.9718451499938965,3.0005812644958496
p0134,-4.960338592529297,2.8142824172973633
p0135,-4.9531402587890625,2.8361916542053223
p0136,-5.009742736816406,3.033574342727661
p0137,-4.608206272125244,3.2532639503479004
p0138,-4.989718914031982,3.0879387855529785
p0139,-4.937392234802246,2.9765090942382812
p0140,-4.909188747406006,2.7708029747009277
p0141,-4.6485466957092285,2.0744121074676514
p0142,-4.475559711456299,2.1266191005706787
p0143,-4.486881732940674,2.154606819152832
p0144,-4.627398490905762,2.054870367050171
p0145,-4.259873390197754,3.310298442840576
p0146,-3.275531768798828,2.920759916305542
p0147,-3.5668563842773438,2.9190804958343506
p0148,-4.201810359954834,3.582021951675415
p0149,-3.5747997760772705,4.065834045410156
p0150,-4.16201114654541,3.958737850189209
p0151,-4.022078514099121,3.736804246902466
p0152,-3.2558982372283936,3.0868873596191406
p0153,-5.459394454956055,1.9360765218734741
p0154,-3.1117188930511475,2.653452157974243
p0155,-3.17344069480896,2.6540064811706543
p0156,-4.608475685119629,2.568053960800171
p0157,-3.8052356243133545,2.5098612308502197
p0158,-4.511801242828369,2.512742280960083
p0159,-4.727112770080566,2.48091459274292
p0160,-3.0475456714630127,2.7611145973205566
p0161,-4.616896629333496,2.6282753944396973
p0162,-4.43618106842041,2.456108808517456
p0163,-4.470583438873291,2.656789541244507
p0164,-4.114155292510986,2.2305679321289062
p0165,-3.4712095260620117,2.319216012954712
p0166,-1.678774356842041,2.563544988632202
p0167,-1.7596148252487183,2.61421537399292
p0168,-1.6655837297439575,2.5547351837158203
p0169,-1.8483003377914429,2.4563050270080566
p0170,-1.617913007736206,2.60819673538208
p0171,-1.6031994819641113,2.606581926345825
p0172,-2.2151503562927246,2.5552830696105957
p0173,-1.94585382938385,2.488874673843384
p0174,-2.1197450160980225,2.553375005722046
p0175,-3.270996332168579,2.1890647411346436
p0176,-3.480536937713623,1.9375219345092773
p0177,-3.580812692642212,1.9533803462982178
p0178,-3.0505409240722656,2.103668451309204
p0179,-3.282973051071167,2.292717695236206
p0180,-3.599205732345581,2.1144604682922363
p0181,-3.4064834117889404,1.8121337890625
p0182,-3.8301262855529785,2.7220354080200195
p0183,-3.482959747314453,2.8687076568603516
p0184,-3.4820611476898193,2.383497476577759
p0185,-3.918720245361328,1.613051414489746
p0186,-3.137035846710205,1.867647409439087
p0187,-2.2770214080810547,2.1122655868530273
p0188,-2.2222838401794434,2.297072649002075
p0189,-2.773326873779297,1.902000904083252
p0190,-2.7901735305786133,1.904341459274292
p0191,-2.9545984268188477,1.8281350135803223
p0192,-0.5689917802810669,10.33928108215332
p0193,-0.34973132610321045,10.289690017700195
p0194,-2.2278783321380615,2.146247625350952
p0195,-2.5778205394744873,2.3503851890563965
p0196,-2.3447887897491455,1.9959102869033813
p0197,-2.369509220123291,2.116157054901123
p0198,-2.4121506214141846,2.171427011489868
p0199,-2.4997878074645996,2.2344186305999756
p0200,-2.5218346118927,2.021568775177002
p0201,-2.52567982673645,1.997218370437622
p0202,-2.5518381595611572,2.0234274864196777
p0203,-2.4881367683410645,2.2737133502960205
p0204,-4.635365962982178,2.048916816711426
p0205,-4.720749855041504,1.9691559076309204
p0206,-2.852614402770996,1.8154821395874023
p0207,-2.8508923053741455,1.9242771863937378
p0208,-2.634864091873169,2.0854861736297607
p0209,-2.965588092803955,2.263098955154419
p0210,-0.3110848665237427,3.20563006401062
p0211,-2.7751221656799316,4.661736488342285
p0212,-3.2770142555236816,4.085226535797119
p0213,-2.958068370819092,12.777178764343262
p0214,-3.1292622089385986,12.457029342651367
p0215,-0.08588198572397232,3.0112736225128174
p0216,-3.1973586082458496,12.440391540527344
p0217,0.5790516138076782,2.8845269680023193
p0218,0.4092848598957062,3.0150387287139893
p0219,0.3375655710697174,2.976024627685547
p0220,-0.21973296999931335,3.133679151535034
p0221,0.3996529281139374,2.9380035400390625
p0222,0.3558420240879059,2.982905387878418
p0223,-2.9237592220306396,13.12918472290039
p0224,-1.736135482788086,11.339555740356445
p0225,-2.21402907371521,2.3215878009796143
p0226,-2.730931520462036,12.890315055847168
p0227,0.4991913139820099,2.9699814319610596
p0228,-0.22578468918800354,3.12827467918396
p0229,-3.097271680831909,12.217076301574707
p0230,-3.1536059379577637,12.271456718444824
p0231,-3.2143311500549316,12.106646537780762
p0232,0.38554883003234863,3.02288818359375
p0233,0.3900497853755951,3.031315565109253
p0234,0.49612534046173096,2.9444761276245117
p0235,-1.0571644306182861,9.016450881958008
p0236,-0.9463874697685242,9.133419036865234
p0237,0.4300388991832733,2.994666814804077
p0238,0.29663777351379395,3.2207727432250977
p0239,0.2932603359222412,3.2451767921447754
p0240,0.55660480260849,7.914056301116943
p0241,0.5352411270141602,7.541469573974609
p0242,0.28533321619033813,7.730219841003418
p0243,-2.8496785163879395,12.415796279907227
p0244,0.2606312930583954,13.523776054382324
p0245,-0.5087829828262329,3.3160805702209473
p0246,0.40128177404403687,2.9836392402648926
p0247,0.42871591448783875,2.986879825592041
p0248,-0.24345611035823822,3.1427297592163086
p0249,0.477981299161911,2.949486255645752
p0250,-0.22186170518398285,3.1275546550750732
p0251,0.7390064597129822,10.639693260192871
p0252,-0.38163748383522034,10.38509750366211
p0253,0.3110514283180237,3.070262908935547
p0254,-0.5181308388710022,10.546571731567383
p0255,-0.4296414852142334,7.1701436042785645
p0256,-0.4108123779296875,7.222723007202148
p0257,-0.45049211382865906,4.129029273986816
p0258,-0.6616564393043518,3.79158616065979
p0259,-1.190132737159729,6.967559337615967
p0260,-0.181237131357193,7.231006622314453
p0261,-0.26668307185173035,7.483878135681152
p0262,0.5490674376487732,2.922027826309204
p0263,-1.2084543704986572,8.830354690551758
p0264,0.5019617080688477,7.557605743408203
p0265,-0.7894278168678284,3.426823854446411
p0266,-0.6299574375152588,7.264467239379883
p0267,-0.7357683181762695,11.201473236083984
p0268,0.3423061668872833,2.960543632507324
p0269,0.5417217016220093,2.9257419109344482
p0270,0.9214635491371155,10.261392593383789
p0271,0.9435468912124634,10.120454788208008
p0272,-0.24084080755710602,3.138042688369751
p0273,-0.9904724955558777,14.884377479553223
p0274,-2.602863311767578,7.760626316070557
p0275,0.35643312335014343,3.1451218128204346
p0276,0.4385989308357239,3.0452375411987305
p0277,-0.5766630172729492,3.615971088409424
p0278,0.3170211613178253,3.0083653926849365
p0279,-0.20225082337856293,13.78683090209961
p0280,-0.04225247725844383,13.81279182434082
p0281,0.7404642701148987,9.15478229522705
p0282,-0.7207052707672119,8.276732444763184
p0283,-0.6457231044769287,8.114253997802734
p0284,-0.5888622403144836,3.608726978302002
p0285,-0.8172550797462463,3.643906593322754
p0286,-0.0462607741355896,2.98783802986145
p0287,-6.690018653869629,4.996270179748535
p0288,-2.147376775741577,7.184859752655029
p0289,-2.3135080337524414,7.313899040222168
p0290,-1.7729142904281616,11.24029541015625
p0291,-1.8805338144302368,11.181440353393555
p0292,-1.7413992881774902,11.283956527709961
p0293,-1.6191023588180542,11.263915061950684
p0294,-1.8738977909088135,11.074024200439453
p0295,-1.829623818397522,11.020689964294434
p0296,-2.0497071743011475,11.1993408203125
p0297,-2.1732542514801025,11.278249740600586
p0298,-1.6593581438064575,11.204782485961914
p0299,-1.7114747762680054,11.26380729675293
p0300,-1.8098684549331665,11.126718521118164
p0301,-6.571657657623291,5.0435380935668945
p0302,-0.6309961676597595,14.071563720703125
p0303,-0.5712456703186035,13.544666290283203
p0304,-0.5221182107925415,13.410715103149414
p0305,-1.1143906116485596,9.987648010253906
p0306,0.10859943181276321,13.206679344177246
p0307,-0.14926308393478394,13.480792999267578
p0308,-0.481787770986557,13.386738777160645
p0309,-0.5523107051849365,13.449837684631348
p0310,-0.6916860342025757,13.591446876525879
p0311,-0.5834572911262512,13.477912902832031
p0312,-0.5696936249732971,13.458867073059082
p0313,-0.22175443172454834,13.108268737792969
p0314,-0.8772503733634949,13.592119216918945
p0315,-0.4794444143772125,13.478926658630371
p0316,0.27594274282455444,13.680750846862793
p0317,0.07036808133125305,13.370105743408203
p0318,0.3359922766685486,13.159156799316406
p0319,-0.7092519998550415,13.392724990844727
p0320,-0.5893068313598633,13.41345500946045
p0321,-1.2262318134307861,13.780794143676758
p0322,-0.6258921027183533,13.468934059143066
p0323,-0.7117832899093628,13.414970397949219
p0324,0.2613179087638855,13.22610092163086
p0325,0.15386389195919037,13.245305061340332
p0326,-0.4456946551799774,12.666311264038086
p0327,-0.5865141749382019,13.497855186462402
p0328,-0.5003817081451416,13.489986419677734
p0329,-0.12693238258361816,13.21513557434082
p0330,0.1859922558069229,13.644120216369629
p0331,0.05092913657426834,13.139452934265137
p0332,-0.20688514411449432,13.291887283325195
p0333,-3.3537802696228027,4.003430366516113
p0334,-3.262484073638916,3.964968681335449
p0335,-6.649041175842285,5.058298587799072
p0336,-0.4884931147098541,14.588613510131836
p0337,-0.5700116753578186,14.550726890563965
p0338,-0.4323422610759735,14.603116035461426
p0339,-0.5498207807540894,14.502638816833496
p0340,-0.577404797077179,14.569116592407227
p0341,-0.36835232377052307,14.50330924987793
p0342,-0.454477995634079,14.626175880432129
p0343,-0.5345215201377869,14.674704551696777
p0344,-0.006503046955913305,14.185117721557617
p0345,-0.47460195422172546,14.58473014831543
p0346,-0.5622349381446838,14.70942211151123
p0347,-0.5693320631980896,14.690149307250977
p0348,-0.7809756398200989,14.401865005493164
p0349,-0.8269281387329102,14.929227828979492
p0350,-1.9154043197631836,4.810708999633789
p0351,-1.8759262561798096,4.879560470581055
p0352,-1.8849886655807495,4.892878532409668
p0353,-1.703080415725708,4.769953727722168
p0354,-1.7777421474456787,4.55084753036499
p0355,-1.6455368995666504,4.786239147186279
p0356,-1.7197355031967163,4.6209211349487305
p0357,-1.7564094066619873,4.975677967071533
p0358,-1.782928466796875,4.912702560424805
p0359,-1.5734211206436157,4.821610450744629
p0360,-1.7688215970993042,4.707685470581055
p0361,-1.6154531240463257,4.845219135284424
p0362,-1.7059681415557861,4.6724066734313965
p0363,-1.6747488975524902,4.859450340270996
p0364,-1.515923023223877,4.9906792640686035
p0365,-1.5802091360092163,4.972671031951904
p0366,-1.4252396821975708,4.955609321594238
p0367,-1.4582644701004028,5.043277740478516
p0368,-1.4377028942108154,4.921923637390137
p0369,-1.2774975299835205,5.664704322814941
p0370,-1.2570836544036865,5.729316711425781
p0371,-1.3253952264785767,5.489632606506348
p0372,-1.5281436443328857,4.932398319244385
p0373,-1.4618091583251953,4.988192558288574
p0374,-1.3435308933258057,5.338642120361328
p0375,-1.3542588949203491,5.32177209854126
p0376,-1.6666117906570435,5.03066873550415
p0377,-1.6507177352905273,5.000761985778809
p0378,-1.699081540107727,4.937033176422119
p0379,-1.540617823600769,4.901496410369873
p0380,-2.037264108657837,4.7514848709106445
p0381,-3.5969934463500977,3.3365538120269775
p0382,-0.7625729441642761,6.441313743591309
p0383,-0.7945683002471924,6.394288539886475
p0384,-0.8557516932487488,6.4160051345825195
p0385,-2.3306162357330322,4.500822067260742
p0386,-0.6746175289154053,6.361316680908203
p0387,-1.0153400897979736,6.555645942687988
p0388,-0.7956324815750122,6.575348854064941
p0389,-2.758441686630249,9.441359519958496
p0390,-6.647780895233154,5.085216045379639
p0391,-3.3425469398498535,12.628866195678711
p0392,-3.5000646114349365,12.740118980407715
p0393,-3.2387845516204834,13.01058292388916
p0394,-3.3984198570251465,12.804633140563965
p0395,-3.5209009647369385,12.683147430419922
p0396,-0.2960173785686493,11.882978439331055
p0397,-3.5185062885284424,12.466275215148926
p0398,-3.4831182956695557,12.38009262084961
p0399,-3.560441493988037,12.862092018127441
p0400,-3.4950919151306152,12.529038429260254
p0401,-3.4450275897979736,12.815993309020996
p0402,-3.415796995162964,12.713810920715332
p0403,-3.6450462341308594,12.792933464050293
p0404,-3.418928623199463,12.856080055236816
p0405,-3.6182875633239746,12.843737602233887
p0406,-3.6339237689971924,12.762934684753418
p0407,-3.635986566543579,12.820196151733398
p0408,-3.564455270767212,12.768242835998535
p0409,-3.4782135486602783,12.746441841125488
p0410,-2.7915871143341064,4.895838737487793
p0411,-0.3723185658454895,8.777761459350586
p0412,-1.7034621238708496,7.52862548828125
p0413,-0.6150960326194763,9.344160079956055
p0414,-2.6741087436676025,8.12840461730957
p0415,-2.72873592376709,8.172867774963379
p0416,-0.3637246787548065,8.081280708312988
p0417,-2.533439874649048,8.05963134765625
p0418,-0.17031395435333252,8.775723457336426
p0419,-0.12016885727643967,8.76461124420166
p0420,0.05102447420358658,9.237458229064941
p0421,-0.36928054690361023,8.770148277282715
p0422,0.5466512441635132,9.717551231384277
p0423,-0.5690221190452576,8.821616172790527
p0424,-0.287985622882843,8.696611404418945
p0425,-0.20693619549274445,8.668466567993164
p0426,-0.2678900957107544,8.742518424987793
p0427,-0.22046536207199097,8.45419692993164
p0428,-0.08969220519065857,8.787070274353027
p0429,0.06890290230512619,8.264874458312988
p0430,-0.48722630739212036,8.988883018493652
p0431,-0.29082784056663513,7.890757083892822
p0432,0.16464608907699585,8.121657371520996
p0433,-0.8104496598243713,9.24894905090332
p0434,-0.706190824508667,9.167108535766602
p0435,-0.2897113263607025,10.309288024902344
p0436,-0.3620459735393524,7.6125898361206055
p0437,-2.699716329574585,9.279717445373535
p0438,-2.8215761184692383,9.343683242797852
p0439,-2.753065824508667,9.359426498413086
p0440,-3.505603075027466,3.384819984436035
p0441,-3.5313193798065186,3.521855354309082
p0442,0.16771675646305084,11.872035026550293
p0443,0.17233885824680328,11.863997459411621
p0444,-0.08127390593290329,11.874612808227539
p0445,0.18194511532783508,11.84941577911377
p0446,0.25196143984794617,11.762528419494629
p0447,-0.16391316056251526,11.857961654663086
p0448,-0.4452860951423645,11.770297050476074
p0449,0.2836358845233917,11.90467357635498
p0450,0.4722958505153656,12.160929679870605
p0451,0.1451573371887207,11.811563491821289
p0452,0.2980492413043976,11.77779769897461
p0453,0.1963900923728943,11.750894546508789
p0454,1.346116065979004,9.320627212524414
p0455,-1.1986441612243652,11.782670021057129
p0456,0.0347609743475914,11.967779159545898
p0457,0.7238320708274841,9.40746784210205
p0458,0.7894272208213806,9.253010749816895
p0459,0.25676819682121277,11.798467636108398
p0460,-2.0665881633758545,12.764280319213867
p0461,-1.0504299402236938,11.733460426330566
p0462,0.19671028852462769,11.937414169311523
p0463,0.21513952314853668,11.681099891662598
p0464,0.6390865445137024,12.337583541870117
p0465,-6.67199182510376,5.0288004875183105
p0466,-6.700796127319336,4.999061107635498
p0467,-2.9480552673339844,5.157288074493408
p0468,-2.8396079540252686,5.130443572998047
p0469,-3.030360221862793,5.276154518127441
p0470,-2.8705432415008545,5.1317315101623535
p0471,-2.9295146465301514,5.148292541503906
p0472,-2.9360461235046387,5.262162685394287
p0473,-2.9176666736602783,5.444396495819092
p0474,-2.9057934284210205,5.169299602508545
p0475,-2.982257843017578,5.238171100616455
p0476,-2.93271541595459,5.1865997314453125
p0477,-6.574552536010742,5.036956787109375
p0478,0.5750600695610046,13.065625190734863
p0479,0.6706008315086365,12.579923629760742
p0480,0.47446829080581665,12.90373420715332
p0481,0.4472508132457733,12.966140747070312
p0482,0.6928814053535461,12.480929374694824
p0483,0.7026075720787048,12.454020500183105
p0484,0.6778302788734436,12.335740089416504
p0485,0.5932470560073853,12.279014587402344
p0486,0.7112961411476135,12.539684295654297
p0487,0.4491918385028839,13.623006820678711
p0488,0.5578503012657166,12.406803131103516
p0489,0.49811097979545593,13.510869026184082
p0490,0.448282390832901,13.517601013183594
p0491,0.283674031496048,13.758773803710938
p0492,0.5375350713729858,12.990937232971191
p0493,0.17561817169189453,14.00229263305664
p0494,0.33228352665901184,13.751909255981445
p0495,0.5931396484375,12.27853012084961
p0496,0.6206927299499512,12.378451347351074
p0497,-0.4088858664035797,10.424273490905762
p0498,-0.030735179781913757,9.939624786376953
p0499,-0.24297043681144714,10.178903579711914
p0500,-0.3883676528930664,10.536460876464844
p0501,-0.03775317594408989,10.134404182434082
p0502,0.5544508695602417,12.533422470092773
p0503,-0.4924441874027252,10.348030090332031
p0504,-0.6382695436477661,10.90894889831543
p0505,-0.5593843460083008,10.67231273651123
p0506,-1.2722203731536865,11.165884017944336
p0507,-0.44341596961021423,10.22331714630127
p0508,-2.766561508178711,9.447617530822754
p0509,-2.762417793273926,9.449661254882812
p0510,-6.761170864105225,4.946983337402344
p0511,-2.4325804710388184,5.062176704406738
p0512,-6.702795505523682,5.025094985961914
p0513,-2.3153738975524902,5.046250820159912
p0514,-0.40602388978004456,7.271792411804199
p0515,-0.38069015741348267,7.4310808181762695
p0516,-0.4742315411567688,6.781282901763916
p0517,-0.6755348443984985,7.15438985824585
p0518,-0.3465859591960907,6.960257530212402
p0519,-0.39260590076446533,7.023927688598633
p0520,-2.629807472229004,9.392227172851562
p0521,-0.3577396273612976,6.852194309234619
p0522,-2.6259615421295166,9.375687599182129
p0523,-1.0712579488754272,9.03468132019043
p0524,-1.2716991901397705,7.420244216918945
p0525,-1.2065913677215576,7.549633979797363
p0526,-1.2549574375152588,9.79896068572998
p0527,-1.1248645782470703,9.685774803161621
p0528,-0.9394726753234863,7.389771938323975
p0529,-0.4710597097873688,7.6585798263549805
p0530,1.6256611347198486,9.104459762573242
p0531,-0.5811555981636047,9.14938735961914
p0532,-0.8731274008750916,7.469472885131836
p0533,-0.7136672139167786,7.007353782653809
p0534,-1.5394139289855957,7.011526107788086
p0535,-2.4822824001312256,9.500100135803223
p0536,-2.4119765758514404,7.710826873779297
p0537,-2.5037178993225098,8.064179420471191
p0538,-2.603668212890625,7.607497692108154
p0539,-2.546976089477539,9.416380882263184
p0540,-0.7318714261054993,11.350663185119629
p0541,0.208135724067688,13.022343635559082
p0542,-0.7620154619216919,11.108013153076172
p0543,-0.49097099900245667,10.934884071350098
p0544,-2.7361702919006348,8.085319519042969
p0545,-0.7772926092147827,11.343149185180664
p0546,-0.8886630535125732,11.283207893371582
p0547,-0.8590612411499023,11.209606170654297
p0548,-0.6692205667495728,11.129928588867188
p0549,-0.7282869815826416,11.299245834350586
p0550,-0.7728261351585388,11.237041473388672
p0551,-0.7432684302330017,13.132981300354004
p0552,-0.5255373120307922,12.779374122619629
p0553,-0.9368844032287598,11.23276138305664
p0554,-0.9464278221130371,11.121430397033691
p0555,-6.592802047729492,4.999594211578369
p0556,-6.478118419647217,5.116231918334961
p0557,-6.432910919189453,5.189095973968506
p0558,-6.473320484161377,5.1522088050842285
p0559,-0.7204061150550842,6.6338887214660645
p0560,-0.5096245408058167,6.777609825134277
p0561,-0.611699640750885,7.295558929443359
p0562,-0.776076078414917,6.58740234375
p0563,-0.5316435694694519,8.368780136108398
p0564,-0.5667454600334167,8.371734619140625
p0565,-2.224616527557373,7.4729323387146
p0566,0.5840680003166199,8.217379570007324
p0567,-0.9995529055595398,7.176285743713379
p0568,-0.9124000668525696,6.527191638946533
p0569,0.276944637298584,8.334464073181152
p0570,0.4175950288772583,8.474010467529297
p0571,0.46155107021331787,8.078128814697266
p0572,0.3959941565990448,7.789625644683838
p0573,0.4337673485279083,7.814751148223877
p0574,0.4465656578540802,7.802014350891113
p0575,0.40429866313934326,7.705842018127441
p0576,0.4076305031776428,7.852442741394043
p0577,-1.2282636165618896,7.189088821411133
p0578,-0.5307825803756714,8.161011695861816
p0579,-0.40738794207572937,8.14995288848877
p0580,-0.7858396172523499,8.208426475524902
p0581,0.2634201645851135,8.02369499206543
p0582,0.3484363555908203,8.205718994140625
p0583,-0.5529813766479492,7.896875381469727
p0584,0.563371479511261,7.8353400230407715
p0585,0.437210351228714,7.955915451049805
p0586,-0.7076781988143921,7.253785133361816
p0587,0.17893503606319427,8.347261428833008
p0588,-2.587578058242798,7.899137496948242
p0589,-0.6388901472091675,8.372979164123535
p0590,0.06425342708826065,8.776193618774414
p0591,-2.1299238204956055,7.476279258728027
p0592,-1.093621850013733,6.673898220062256
p0593,-2.749846935272217,8.13914966583252
p0594,-2.7475433349609375,8.164186477661133
p0595,0.19130472838878632,7.454988956451416
p0596,-0.3107471764087677,7.36503267288208
p0597,-0.6143912076950073,6.522623538970947
p0598,-0.28576987981796265,7.522602558135986
p0599,-0.017146974802017212,7.86053466796875
p0600,-0.319782555103302,8.361292839050293
p0601,-0.05895105376839638,7.992057800292969
p0602,-2.2683544158935547,8.190974235534668
p0603,0.41550084948539734,7.719187259674072
p0604,0.48445209860801697,8.097291946411133
p0605,0.11326932162046432,8.4850492477417
p0606,0.1788221299648285,8.07666301727295
p0607,1.0071793794631958,10.69570255279541
p0608,0.2068129926919937,8.313047409057617
p0609,0.5101902484893799,7.569632530212402
p0610,0.007767823059111834,8.511456489562988
p0611,-2.9570860862731934,9.462615966796875
p0612,-3.210233449935913,12.521021842956543
p0613,-3.1833629608154297,12.029146194458008
p0614,-3.288412570953369,11.912073135375977
p0615,-2.6024646759033203,8.335613250732422
p0616,-3.3387975692749023,12.175271034240723
p0617,-3.3282229900360107,12.047908782958984
p0618,-3.0530154705047607,12.046463012695312
p0619,-2.7724592685699463,9.421890258789062
p0620,-1.0040717124938965,14.15211296081543
p0621,-0.9277137517929077,14.041841506958008
p0622,-6.611720085144043,5.073716640472412
p0623,-2.3626811504364014,5.033909320831299
p0624,-6.7249321937561035,4.946772575378418
p0625,-2.3122854232788086,4.94006872177124
p0626,-2.2753424644470215,4.955555438995361
p0627,-2.254351854324341,4.937737941741943
p0628,-6.6217827796936035,4.999958038330078
p0629,-1.0202252864837646,8.037368774414062
p0630,-0.21981970965862274,9.777900695800781
p0631,-1.9926984310150146,7.891229629516602
p0632,-1.185481071472168,6.68784236907959
p0633,-2.110358715057373,7.714352607727051
p0634,-2.9263463020324707,7.749760627746582
p0635,-0.8709189891815186,7.624137878417969
p0636,-1.311410903930664,8.071439743041992
p0637,-0.8679721355438232,8.252674102783203
p0638,-1.1993237733840942,7.825816631317139
p0639,-1.2306573390960693,6.145299911499023
p0640,-1.2385481595993042,8.01603889465332
p0641,-1.2946500778198242,8.04612922668457
p0642,-1.3191944360733032,8.088943481445312
p0643,-0.8721380829811096,7.5652313232421875
p0644,-0.9490548372268677,7.588320732116699
p0645,-1.5215543508529663,10.227763175964355
p0646,-1.3336122035980225,8.257036209106445
p0647,-1.4105440378189087,8.115373611450195
p0648,-0.14550349116325378,9.074256896972656
p0649,-1.6697131395339966,7.941012859344482
p0650,-0.9171102046966553,8.332413673400879
p0651,-0.7437008023262024,8.440994262695312
p0652,-1.3792237043380737,8.16303825378418
p0653,-1.291215181350708,8.129227638244629
p0654,-1.1893774271011353,8.098960876464844
p0655,-1.2689145803451538,8.084630012512207
p0656,-1.21657395362854,8.002055168151855
p0657,-1.1556113958358765,7.597641468048096
p0658,-2.5814061164855957,7.683392524719238
p0659,-1.1618731021881104,8.047849655151367
p0660,-1.086326003074646,15.020201683044434
p0661,-1.2030519247055054,14.992549896240234
p0662,-1.023376703262329,15.029250144958496
p0663,-1.120751976966858,15.020411491394043
p0664,-1.1355119943618774,14.973249435424805
p0665,-0.9493909478187561,15.003061294555664
p0666,-1.1813420057296753,14.97368335723877
p0667,-1.066812515258789,15.055667877197266
p0668,-1.3107612133026123,14.93089771270752
p0669,-1.050961971282959,14.981842041015625
p0670,-1.0225367546081543,14.982685089111328
p0671,-6.467622756958008,5.15800666809082
p0672,-2.5724189281463623,13.651189804077148
p0673,-2.5501065254211426,13.627989768981934
p0674,-2.627149820327759,13.579000473022461
p0675,-2.6761701107025146,13.541084289550781
p0676,-2.6340596675872803,13.019192695617676
p0677,-2.5351295471191406,13.088465690612793
p0678,-2.746180772781372,13.365453720092773
p0679,-2.3180527687072754,13.871647834777832
p0680,-2.760084629058838,13.385024070739746
p0681,-2.717468023300171,13.508933067321777
p0682,-2.7410857677459717,13.536578178405762
p0683,-2.4158477783203125,13.795886993408203
p0684,-2.7469582557678223,13.52072525024414
p0685,-2.1512129306793213,12.818085670471191
p0686,-2.820857286453247,13.512214660644531
p0687,-2.3552639484405518,13.896130561828613
p0688,-2.4357292652130127,13.076116561889648
p0689,-2.7366714477539062,13.178892135620117
p0690,-2.2357072830200195,13.653767585754395
p0691,-2.568896770477295,13.776247024536133
p0692,-2.5897750854492188,13.754232406616211
p0693,-1.4035794734954834,13.795393943786621
p0694,-2.535071849822998,13.596351623535156
p0695,-2.7465953826904297,7.870044708251953
p0696,-3.051013231277466,7.335031032562256
p0697,-2.891827344894409,7.523454666137695
p0698,-2.768423557281494,7.440917491912842
p0699,-2.731297254562378,7.891598224639893
p0700,-1.2891194820404053,6.672113418579102
p0701,-2.600715398788452,7.582368850708008
p0702,-3.016017198562622,7.6865458488464355
p0703,-3.0241899490356445,7.647531509399414
p0704,-2.7099571228027344,7.648934841156006
p0705,-2.4955363273620605,7.489588260650635
p0706,-2.4807047843933105,7.460437774658203
p0707,-3.2910122871398926,7.833460330963135
p0708,-3.4511477947235107,7.859077453613281
p0709,-3.0381171703338623,7.594841003417969
p0710,-3.106001853942871,7.630288600921631
p0711,-3.1963064670562744,7.508022308349609
p0712,-3.515422821044922,12.249667167663574
p0713,-2.8486316204071045,7.416554927825928
p0714,-2.9365460872650146,8.164342880249023
p0715,-3.013482093811035,7.690882205963135
p0716,-2.7965502738952637,7.968600273132324
p0717,-2.5090160369873047,7.901178359985352
p0718,-3.0454952716827393,7.300436019897461
p0719,-2.3480911254882812,7.395449638366699
p0720,-2.060253381729126,7.258556365966797
p0721,-1.3953708410263062,6.76477575302124
p0722,-2.6456830501556396,7.341540813446045
p0723,-2.9927611351013184,7.406082630157471
p0724,-3.0508577823638916,7.518801212310791
p0725,-2.8539841175079346,7.423464298248291
p0726,-3.0776541233062744,7.336962699890137
p0727,-3.0150439739227295,7.484320163726807
p0728,-2.7169933319091797,7.688567638397217
p0729,-2.8500916957855225,8.049470901489258
p0730,-2.933422088623047,7.27459192276001
p0731,-3.0221214294433594,7.184139251708984
p0732,-3.0921690464019775,7.271766662597656
p0733,-3.220935583114624,7.2414445877075195
p0734,-2.923881769180298,7.7028889656066895
p0735,-2.9186434745788574,8.065433502197266
p0736,-2.809697389602661,9.35685920715332
p0737,-2.651794910430908,7.61357307434082
p0738,-2.8358170986175537,9.012056350708008
p0739,-0.74286949634552,6.250428199768066
p0740,-2.7707717418670654,4.680708885192871
p0741,-3.083813428878784,2.888484239578247
p0742,-2.0721075534820557,11.106975555419922
p0743,-2.139665365219116,11.190876960754395
p0744,-2.150127410888672,11.102242469787598
p0745,-2.187981367111206,11.249919891357422
p0746,-1.7071232795715332,9.953678131103516
p0747,-0.8400190472602844,6.8038554191589355
p0748,-1.7621715068817139,9.761610984802246
p0749,-1.6905547380447388,9.975712776184082
p0750,-1.7212984561920166,9.904256820678711
p0751,-0.4776965081691742,10.37452507019043
p0752,-1.6192954778671265,10.6992769241333
p0753,-3.2771072387695312,12.394501686096191
p0754,-1.758146047592163,9.894512176513672
p0755,0.10208077728748322,11.65256118774414
p0756,-1.8815981149673462,10.046399116516113
p0757,-1.73984694480896,10.097561836242676
p0758,-1.7968212366104126,10.0587739944458
p0759,-1.950385332107544,10.091792106628418
p0760,0.7583775520324707,12.323952674865723
p0761,-1.914254903793335,10.23556900024414
p0762,-0.20563405752182007,9.60252857208252
p0763,-6.745932102203369,5.239295482635498
p0764,-1.763578176498413,14.262603759765625
p0765,-1.7950987815856934,7.265413284301758
p0766,-1.7013014554977417,14.199251174926758
p0767,-1.0048859119415283,14.393476486206055
p0768,-1.8664281368255615,14.258512496948242
p0769,-1.8345937728881836,14.243581771850586
p0770,-1.7314453125,14.331995964050293
p0771,-1.9739413261413574,14.140875816345215
p0772,-1.4651687145233154,14.506291389465332
p0773,-1.227564811706543,14.002132415771484
p0774,-2.1322381496429443,14.052043914794922
p0775,-0.5723961591720581,14.747270584106445
p0776,-1.5842812061309814,14.404581069946289
p0777,-1.2219483852386475,14.859031677246094
p0778,-1.6073178052902222,14.31631088256836
p0779,-2.0851523876190186,14.001293182373047
p0780,-1.7759594917297363,14.217249870300293
p0781,-1.5027711391448975,14.221135139465332
p0782,-3.9807002544403076,3.44124174118042
p0783,10.84708309173584,4.102190017700195
p0784,10.993863105773926,3.9556498527526855
p0785,10.915607452392578,4.031956195831299
p0786,10.957979202270508,4.078697204589844
p0787,10.888891220092773,4.133384704589844
p0788,10.888799667358398,3.9783103466033936
p0789,10.925379753112793,4.01096773147583
p0790,10.891818046569824,4.009642124176025
p0791,10.671686172485352,4.390506267547607
p0792,10.502615928649902,4.535951137542725
p0793,10.601738929748535,4.456800937652588
p0794,10.608085632324219,4.388849258422852
p0795,10.565587997436523,4.406552314758301
p0796,10.647662162780762,4.2950520515441895
p0797,10.758001327514648,4.325125694274902
p0798,10.626580238342285,4.435878276824951
p0799,10.886173248291016,3.999602794647217
p0800,10.731487274169922,4.411885738372803
p0801,10.585411071777344,4.4424543380737305
p0802,10.639023780822754,4.364920616149902
p0803,10.6288480758667,4.341568946838379
p0804,10.787126541137695,4.117196559906006
p0805,10.686091423034668,4.394102573394775
p0806,10.573298454284668,4.330717086791992
p0807,-2.3808772563934326,2.3107004165649414
p0808,10.980454444885254,3.9716360569000244
p0809,10.953767776489258,4.098751544952393
p0810,-0.0776817798614502,7.281291484832764
p0811,0.6929888725280762,9.235733032226562
p0812,-1.8169862031936646,12.524105072021484
p0813,0.25942835211753845,9.659036636352539
p0814,-0.2151554524898529,7.0082926750183105
p0815,-0.25579479336738586,6.964385986328125
p0816,-2.617002010345459,9.502376556396484
p0817,-6.58847188949585,5.04656982421875
p0818,-6.575927734375,5.107698440551758
p0819,0.6910434365272522,9.411447525024414
p0820,0.5130196809768677,10.053322792053223
p0821,-0.3995770812034607,7.96809720993042
p0822,0.5468339920043945,9.829925537109375
p0823,0.714518129825592,9.662071228027344
p0824,0.7919532656669617,10.227033615112305
p0825,0.435495525598526,9.529786109924316
p0826,0.49147558212280273,10.383357048034668
p0827,0.6562833189964294,9.98944091796875
p0828,0.44183215498924255,9.760984420776367
p0829,0.5200846195220947,9.904464721679688
p0830,0.21958023309707642,10.082564353942871
p0831,0.6105248332023621,9.997762680053711
p0832,0.6382676362991333,8.980528831481934
p0833,0.6290059685707092,9.774065971374512
p0834,0.3259870707988739,9.827635765075684
p0835,0.6311954855918884,9.744017601013184
p0836,0.6650256514549255,9.736349105834961
p0837,0.6419370770454407,9.211716651916504
p0838,0.5426008701324463,9.229548454284668
p0839,0.9491451978683472,10.431035041809082
p0840,-0.13925985991954803,7.700779914855957
p0841,0.6445469260215759,10.458672523498535
p0842,0.6020658016204834,10.342314720153809
p0843,0.6337506771087646,10.348420143127441
p0844,0.7049526572227478,8.80368423461914
p0845,0.5310207605361938,9.717965126037598
p0846,0.47948136925697327,9.566309928894043
p0847,0.6916797757148743,10.054703712463379
p0848,0.7089589834213257,10.127819061279297
p0849,0.9800636172294617,10.167546272277832
p0850,0.438037246465683,9.430182456970215
p0851,0.12824022769927979,9.691807746887207
p0852,1.0138418674468994,9.517712593078613
p0853,1.4854756593704224,9.15239143371582
p0854,0.37158089876174927,10.019756317138672
p0855,0.062463000416755676,8.90400218963623
p0856,0.6142334938049316,9.700922012329102
p0857,-1.8518126010894775,10.749961853027344
p0858,-1.9357483386993408,10.806658744812012
p0859,-1.811890721321106,10.701621055603027
p0860,-1.7550451755523682,10.7489652633667
p0861,-1.8097649812698364,10.72982120513916
p0862,-1.7167837619781494,10.650754928588867
p0863,0.1936436891555786,10.037599563598633
p0864,0.8262776136398315,11.285638809204102
p0865,-0.2573188245296478,11.106600761413574
p0866,-0.8961050510406494,7.290080547332764
p0867,0.46394994854927063,10.748007774353027
p0868,0.050791334360837936,9.26176643371582
p0869,0.7231085896492004,12.246031761169434
p0870,0.7806472778320312,11.528456687927246
p0871,0.8223457932472229,11.440662384033203
p0872,0.16825343668460846,10.62657642364502
p0873,0.47700220346450806,10.430293083190918
p0874,0.7625182271003723,9.541407585144043
p0875,-0.2880704998970032,8.406109809875488
p0876,0.6939173340797424,9.924756050109863
p0877,0.1455407738685608,9.225948333740234
p0878,-1.9678761959075928,11.059014320373535
p0879,0.684188723564148,10.585416793823242
p0880,-0.2964043617248535,10.51194953918457
p0881,-0.12015524506568909,10.77010726928711
p0882,0.9184612035751343,10.74436092376709
p0883,0.9492178559303284,10.85339641571045
p0884,0.8066214323043823,10.786273002624512
p0885,0.8728028535842896,10.757654190063477
p0886,0.6864079236984253,10.909517288208008
p0887,0.4485975205898285,11.401833534240723
p0888,0.3594948649406433,10.763328552246094
p0889,-0.1506780982017517,10.7788724899292
p0890,-0.45403316617012024,10.89329719543457
p0891,0.5995563864707947,11.224605560302734
p0892,0.7386687994003296,12.2632474899292
p0893,0.5824276804924011,10.761098861694336
p0894,0.6245418190956116,11.206562995910645
p0895,0.5927370190620422,11.131780624389648
p0896,0.6427384614944458,10.854738235473633
p0897,0.5248070955276489,11.257891654968262
p0898,0.9223517179489136,10.909158706665039
p0899,0.869779646396637,11.677748680114746
p0900,0.9434396028518677,10.674518585205078
p0901,0.6859015226364136,10.824906349182129
p0902,-2.958524703979492,9.553110122680664
p0903,1.7082793712615967,9.143453598022461
p0904,1.8530117273330688,9.250611305236816
p0905,1.7626835107803345,9.229759216308594
p0906,1.8112941980361938,9.229965209960938
p0907,1.7965385913848877,9.207756996154785
p0908,1.6554802656173706,9.131441116333008
p0909,1.7440779209136963,9.226046562194824
p0910,1.7785940170288086,9.1804780960083
p0911,-0.5811666250228882,6.8368024826049805
p0912,1.4274624586105347,8.774979591369629
p0913,1.2780704498291016,8.737844467163086
p0914,1.8280941247940063,9.178362846374512
p0915,1.851929783821106,9.290093421936035
p0916,1.787872552871704,9.618541717529297
p0917,1.8327609300613403,9.279840469360352
p0918,1.7756110429763794,9.438865661621094
p0919,-1.0684261322021484,9.899971008300781
p0920,-1.957497477531433,11.387612342834473
p0921,-3.481546640396118,7.929037570953369
p0922,-0.23454050719738007,8.316231727600098
p0923,1.3742040395736694,9.26517391204834
p0924,-1.3538224697113037,11.53724193572998
p0925,-2.4984500408172607,11.98992919921875
p0926,-2.3860578536987305,12.006353378295898
p0927,-2.4329774379730225,12.051876068115234
p0928,-1.501586675643921,11.553837776184082
p0929,0.1598445326089859,7.804440498352051
p0930,-0.7738605737686157,9.606292724609375
p0931,-0.6438829302787781,9.51990032196045
p0932,-0.892658531665802,9.552474021911621
p0933,-0.9532680511474609,9.407204627990723
p0934,-0.9438700079917908,9.356013298034668
p0935,-0.859711229801178,9.561538696289062
p0936,-0.5332944393157959,9.318377494812012
p0937,-0.5403209924697876,9.816853523254395
p0938,-0.18904061615467072,9.216134071350098
p0939,-1.0034077167510986,9.37908935546875
p0940,-0.8357571363449097,9.679064750671387
p0941,-0.5797351598739624,9.953864097595215
p0942,-0.30923521518707275,9.585051536560059
p0943,-6.77512788772583,4.973408222198486
p0944,-6.5506110191345215,5.083083152770996
p0945,-2.4870917797088623,12.139886856079102
p0946,-3.173137903213501,12.656221389770508
p0947,-2.7053909301757812,12.458297729492188
p0948,-2.5605711936950684,13.015242576599121
p0949,-2.644728660583496,12.85092544555664
p0950,-2.7577531337738037,12.922714233398438
p0951,-2.7655699253082275,12.926512718200684
p0952,-2.5604093074798584,12.956402778625488
p0953,-2.0240700244903564,11.79084587097168
p0954,-1.957424521446228,11.730842590332031
p0955,-3.2654976844787598,12.545467376708984
p0956,-2.5706796646118164,12.204301834106445
p0957,-2.914217472076416,12.826835632324219
p0958,-2.520935297012329,13.096399307250977
p0959,-2.6717708110809326,4.934871673583984
p0960,-2.693678617477417,4.962489604949951
p0961,-2.680424690246582,4.920149803161621
p0962,-2.6855974197387695,4.96277379989624
p0963,-1.948866367340088,7.662207126617432
p0964,-0.739507257938385,8.109487533569336
p0965,-2.759011745452881,9.361307144165039
p0966,-2.8156120777130127,9.411079406738281
p0967,-3.2421774864196777,5.332793712615967
p0968,-3.087390184402466,5.360798358917236
p0969,-3.283243179321289,5.538719177246094
p0970,-3.248307943344116,5.4807610511779785
p0971,-3.30764102935791,5.50309419631958
p0972,-3.060127019882202,5.286780834197998
p0973,0.8257327675819397,12.2356538772583
p0974,-2.9398789405822754,5.117220878601074
p0975,-3.318730354309082,5.593540668487549
p0976,-3.23958158493042,5.556763648986816
p0977,-3.153007984161377,5.309700012207031
p0978,-5.411518096923828,1.981795310974121
p0979,-5.481536388397217,1.9189203977584839
p0980,-5.482666015625,1.9310412406921387
p0981,-5.487115383148193,1.9095869064331055
p0982,-5.574528217315674,1.8303872346878052
p0983,-5.503270149230957,1.9046447277069092
p0984,-5.530722618103027,1.8695011138916016
p0985,-5.54994010925293,1.8846137523651123
p0986,-5.3080267906188965,2.027618646621704
p0987,-2.9306480884552,2.093179702758789
