section,count,average_words,topic_count
History (HIST),56,98.9,5
Media and Arts (MEDIART),44,96.3,3
Political Science (POLSCI),40,86.4,4
Public Policy (PUBPOL),38,81.8,3
Biology (BIOL),32,80.2,4
Literature (LIT),31,101.9,3
Chinese (CHINESE),31,79.7,2
Physical Education (PHYSEDU),28,62.9,3
Economics (ECON),25,72.4,3
Mathematics (MATH),24,67.0,2
Cultural Anthropology (CULANTH),21,100.8,4
Environment (ENVIR),20,88.8,4
Computer Science (COMPSCI),20,53.6,3
Physics (PHYS),19,75.2,2
Philosophy (PHIL),17,106.4,4
Global Cultural Studies (GCULS),17,110.0,3
Religious Studies (RELIG),16,87.6,3
Statistics (STATS),15,59.2,3
Chemistry (CHEM),15,73.3,2
Global Health (GLHLTH),14,125.6,4
Sociology (SOCIOL),14,83.7,2
Ethics and Leadership (ETHLDR),13,105.8,2
Behavior Science (BEHAVSCI),11,77.1,3
Written and Oral Communication (WOC),11,103.8,3
Material Science (MATSCI),11,68.1,1
English for Academic Purposes (EAP),10,82.3,4
Social Science (SOSC),10,102.4,4
Cultures and Movements (CULMOVE),9,121.9,5
Global China Studies (GCHINA),9,106.8,1
Chinese Society and Culture (CHSC),8,104.9,2
Political Economy (POLECON),7,118.7,3
Psychology (PSYCH),7,69.1,3
Information Science (INFOSCI),7,101.0,2
Electives,5,29.4,1
Policy,4,237.8,3
Credit (CR/NC) Grading System.),4,309.2,2
General Education Requirements,4,347.2,2
US Studies (USTUD),4,114.0,2
Academic Probation,4,222.5,1
Japanese (JAPANESE),4,69.0,1
Neuroscience (NEUROSCI),4,61.2,1
Third Language (TLANG),4,158.2,1
HIST 201 History Methods and Research 4,3,30.3,3
Academic Suspension,3,178.3,2
Credit,3,8.7,2
Academic Advising,2,208.0,2
Animating Principles,2,131.5,2
B- 2.7 D- 1.0,2,344.0,2
Behavioral Science with tracks in Psychology and Neuroscience,2,300.5,2
Career Services,2,240.0,2
Course Audit,2,103.0,2
Course Credits,2,137.5,2
Course Repeat,2,294.5,2
Enrollment in an Underload,2,141.5,2
French (FRENCH),2,70.0,2
Leave of Absence,2,369.5,2
MATH 105 Calculus 4,2,15.0,2
Medical Withdrawal from a Course,2,143.5,2
Military Science (MILITSCI),2,37.0,2
Overview,2,289.0,2
Placement in Languages,2,188.5,2
Procedure for Resolution of Students' Academic Concerns,2,207.0,2
Registration,2,256.5,2
Religious Holidays,2,53.5,2
Scholarships and Financial Aid,2,112.5,2
Statement on Diversity and Inclusion,2,73.0,2
TOEFL/IELTS or Duolingo for Non-Native English speakers,2,33.5,2
"Total Cost of Attendance $37,573 $33,457",2,50.0,2
Wuhan University,2,67.5,2
Academic Integrity: Undergraduate Program Policies,2,67.0,1
Academic Warning,2,97.0,1
After Week 12 0%,2,110.5,1
April 3-5 Sunday-Tuesday. Qing Ming – Tomb Sweeping Day – No classes,2,50.5,1
Arts and Humanities (ARHU),2,95.5,1
Athletics & University Sports,2,119.5,1
"Biology, Genetics and Genomics",2,329.0,1
Campus Deposit,2,72.5,1
Campus Health Clinic,2,78.5,1
Campus Programs,2,135.5,1
Capstone (CAPSTONE),2,11.0,1
Class Attendance and Missed Work,2,146.5,1
Core Components,2,111.0,1
Credits Required for Degree,2,281.5,1
"Duke Kunshan University is a Sino-American partnership of Duke University, Wuhan",2,288.5,1
Education Records,2,111.0,1
Eligibility,2,136.0,1
English (ENGLISH),2,16.0,1
Fall 2021,2,159.5,1
German (GERMAN),2,61.0,1
Graduation with Distinction,2,40.0,1
Incomplete Coursework and Excused Absence from Final Exam,2,253.0,1
Integrated Science (INTGSCI),2,109.0,1
Italian (ITALIAN),2,48.0,1
Leadership Development,2,44.5,1
Payment,2,49.5,1
Residence Life,2,86.5,1
Seven Principles of Duke Kunshan University Academic Advising,2,81.0,1
Study Away at Duke University,2,214.0,1
The W and WA Designations,2,80.0,1
Transfer of Work Taken Elsewhere,2,48.0,1
"Transfer of Work Taken Elsewhere, Part 6.)",2,189.0,1
War,2,66.0,1
Work Taken After Matriculation at Duke Kunshan University,2,244.0,1
(NOTE: CALENDAR SUBJECT TO CHANGE),1,13.0,1
(See section on Satisfactory Performance Each Term (Term Credit Requirements).),1,28.0,1
/GCHINA 401,1,12.0,1
/PSYCH 313,1,12.0,1
2025 and Beyond,1,155.0,1
9 Refer to Duke Kunshan University Student Handbook,1,16.0,1
A Liberal Arts College Experience,1,153.0,1
A Liberal Arts Education at Duke Kunshan University,1,123.0,1
Academic Advising and Support,1,82.0,1
Academic Integrity,1,381.0,1
Academic Recognition and Honors,1,24.0,1
Academic Resource Center,1,330.0,1
Accommodations,1,241.0,1
Application Requirements,1,15.0,1
Application Timelines,1,67.0,1
Applied Mathematics and Computational Sciences/Computer Science,1,14.0,1
Arts (ARTS),1,15.0,1
Arts and Culture,1,113.0,1
BEHAVSCI 402 Judgement and Decision Making 4,1,19.0,1
BIOL 110 Integrated Science - Biology 4,1,9.0,1
BIOL 311 Biogeochemistry 4,1,8.0,1
BIOL 404 Genomics of Adaptation 4,1,270.0,1
Blue Oasis Student Center,1,118.0,1
"Borders, Boundaries and Ethnic Peoples in China 4",1,276.0,1
COMPSCI 308 Design and Analysis of Algorithms 4,1,8.0,1
CULANTH 201 New Media and Society 4,1,34.0,1
CULANTH 302 Field Methods 4,1,9.0,1
Campus Engagement,1,54.0,1
China,1,12.0,1
China and the World,1,11.0,1
Chinese Student Services and Student Mobility,1,204.0,1
Class Scheduling,1,46.0,1
College Board Advanced Placement Program (AP) Examinations,1,81.0,1
Compliance with Academic Regulations,1,79.0,1
Computer Design (COMPDSGN),1,122.0,1
Counseling and Psychological Services (CAPS),1,197.0,1
Course Approval and Credit Transfer,1,90.0,1
Course Changes for the Summer Terms,1,80.0,1
Course Descriptions,1,31.0,1
Data Science,1,215.0,1
Dean's List,1,124.0,1
Declaration of Major,1,265.0,1
Disciplinary Courses,1,12.0,1
Dual Degrees,1,92.0,1
Duke Kunshan University Community Standard,1,136.0,1
Duke Kunshan University recognizes the International Baccalaureate Program; the French,1,126.0,1
Duke University,1,146.0,1
ECON 402 International Finance 4,1,11.0,1
ENVIR 301 International Environmental Policy 4,1,9.0,1
ENVIR 403 Energy Economics and Policy 4,1,514.0,1
ETHLDR 490 Senior Seminar: Advanced Topics 4,1,9.0,1
Eligibility for Courses,1,351.0,1
Engagement,1,16.0,1
Enrollment Deposit,1,35.0,1
Entrance Credit and Placement,1,20.0,1
Estimated Expenses,1,43.0,1
Exclusion of Disruptive Students from a Course,1,115.0,1
Failing Grades,1,118.0,1
Fees for Courses,1,19.0,1
Final Examinations,1,347.0,1
Forfeiture of Precollege Credit Awarded,1,94.0,1
Full-time and Part-time Degree Status,1,137.0,1
GCULS 303 Chinatowns: A Cultural History 4,1,13.0,1
GLHLTH 304 Global Health Governance and Policy 4,1,8.0,1
General Information,1,191.0,1
Global Challenges (GLOCHALL),1,121.0,1
Global Health with Tracks in Biology and Public Policy,1,438.0,1
Grade Point Average,1,42.0,1
Grade Review Procedure,1,257.0,1
Grading and Grade Requirements,1,68.0,1
Graduation and Commencement,1,84.0,1
HIST 110 Historical Perspectives on Contemporary Global Issues 4,1,11.0,1
HIST 220 Global Media History 4,1,10.0,1
HIST 312 Southeast Asia and the Rise of Global Trade 4,1,11.0,1
Handbook,1,232.0,1
Health Insurance,1,37.0,1
History,1,298.0,1
Host Family Program,1,45.0,1
How to Apply,1,11.0,1
INFOSCI 301 Data Visualization and Information Aesthetics 4,1,9.0,1
Independent Studies,1,231.0,1
Independent Study (INDSTU),1,40.0,1
Institutions and Governance (INSTGOV),1,124.0,1
Insurance,1,61.0,1
International Student Services,1,95.0,1
Involuntary Withdrawal,1,83.0,1
January 31- February 6,1,133.0,1
Joint Entrance Exam (JEE); or,1,49.0,1
Key Components,1,23.0,1
Kunshan,1,223.0,1
LIT 214 Introduction to Literary Research Writ Large 4,1,13.0,1
LIT 308 American Icons 4,1,12.0,1
Language Courses (8-16 Credits),1,109.0,1
Latin (LATIN),1,14.0,1
Latin Honors,1,192.0,1
MATH 303 ODE and Dynamical Systems 4,1,9.0,1
MATH 401 Abstract Algebra 4,1,9.0,1
MATH 406 Mathematical Modeling 4,1,47.0,1
"MEDIART 202 Ideas, Imagination, and Creativity 4",1,55.0,1
MEDIART 217,1,11.0,1
MEDIART 490 Senior Seminar: Advanced Topics,1,9.0,1
Major Requirements,1,19.0,1
Materials Science with tracks in Chemistry and Physics,1,174.0,1
Mathematics,1,344.0,1
May 1-3 Monday. International Labor Day Celebration – May Day – No classes,1,53.0,1
"Military Traininga,c",1,24.0,1
Mission Statement,1,141.0,1
Music (MUSIC),1,298.0,1
Non-Credit Mini-Term Courses,1,220.0,1
Notification and Responses,1,13.0,1
Notification of Intention to Graduate,1,116.0,1
Office of Global Education and Study Away,1,69.0,1
Other Placement Tests,1,84.0,1
Other Study Away Programs,1,200.0,1
Overload,1,104.0,1
PHIL 106 Global Philosophy 4,1,12.0,1
PHYS 404 Nonlinear Dynamics 4,1,336.0,1
PSYCH 313,1,11.0,1
PUBPOL 303 Policy Choice as Value Conflict 4,1,9.0,1
PUBPOL 317 Plastic Planet: Pollution and Solutions 4,1,13.0,1
Passing Grades,1,99.0,1
Prematriculation Credit,1,153.0,1
Principles of Selection,1,122.0,1
Public Policy,1,253.0,1
Reasoning course in General Education,1,149.0,1
Refund,1,123.0,1
Requirements for All Majors,1,25.0,1
Research Independent Study (RINDSTU),1,38.0,1
Residence Charge,1,53.0,1
Restriction on Past Due Accounts,1,88.0,1
SOSC 320 Data in the World: Applied Social Statistics 4,1,11.0,1
STATS 101 Introduction to Applied Statistical Methods 4,1,9.0,1
Satisfactory Performance Each Term (Term Credit Requirements),1,289.0,1
Science and Religious Studies,1,323.0,1
"Section 3, Credits Required for Degrees.)",1,72.0,1
"Service, Cultural, General Interest, Professional and Academic, Sports, and Student-Run",1,78.0,1
Signature Work and Experiential Education (8 credits and one Experiential Learning,1,330.0,1
Spanish (SPANISH),1,14.0,1
Spring 2022,1,49.0,1
Structures,1,127.0,1
Student Affairs,1,64.0,1
Student Affairs Conceptual Framework,1,156.0,1
Student Bills,1,76.0,1
Student Clubs and Organizations,1,27.0,1
Student Conduct,1,182.0,1
Student Research Opportunities,1,166.0,1
Students on Academic Probation,1,73.0,1
Study Away Costs,1,16.0,1
Study Away Opportunities,1,88.0,1
Submission of Term Paper,1,41.0,1
Summer 2022,1,52.0,1
The Provision of Academic Information to Parents and Guardians,1,68.0,1
Thematic Courses,1,40.0,1
Time Limit for Completing Undergraduate Degree,1,73.0,1
"Total Cost of Attendance ¥ 115,560 ¥ 115,260 ¥ 7,235",1,113.0,1
Transfer Credit for Foreign Language,1,77.0,1
Tuition and Fees,1,135.0,1
Two Signature Work Capstone Courses (8 credits),1,14.0,1
Two-Credit Writing Courses,1,120.0,1
Undergraduate Course Load,1,241.0,1
Undergraduate Status,1,83.0,1
Underload,1,312.0,1
Useful Contacts,1,117.0,1
Visas,1,62.0,1
Voluntary Withdrawal,1,254.0,1
Withdrawal to an Underload,1,122.0,1
Work Taken During High School,1,160.0,1
and the World,1,14.0,1
"common: Computation, Society and Culture; Computation and Problem Solving, Programming",1,266.0,1
of 2022-2024,1,161.0,1
• Acceptance of Offer: By May 1,1,34.0,1
• High School Transcript5,1,15.0,1
• Prematriculation College Credit,1,246.0,1
• Release of Shortlist: Early April,1,13.0,1
• Signed Consent Form,1,38.0,1
