section,cluster_name,count,section_total,proportion
(NOTE: CALENDAR SUBJECT TO CHANGE),STEM and Quantitative Methods,1,1,1.0
(See section on Satisfactory Performance Each Term (Term Credit Requirements).),Curriculum Requirements and Course Choices,1,1,1.0
/GCHINA 401,Global Humanities and Social Sciences,1,1,1.0
/PSYCH 313,STEM and Quantitative Methods,1,1,1.0
2025 and Beyond,Curriculum Requirements and Course Choices,1,1,1.0
9 Refer to Duke Kunshan University Student Handbook,Credit Transfer and Academic Procedures,1,1,1.0
A Liberal Arts College Experience,Credit Transfer and Academic Procedures,1,1,1.0
A Liberal Arts Education at Duke Kunshan University,Credit Transfer and Academic Procedures,1,1,1.0
Academic Advising,Credit Transfer and Academic Procedures,1,2,0.5
Academic Advising,Curriculum Requirements and Course Choices,1,2,0.5
Academic Advising and Support,Curriculum Requirements and Course Choices,1,1,1.0
Academic Integrity,Credit Transfer and Academic Procedures,1,1,1.0
Academic Integrity: Undergraduate Program Policies,Curriculum Requirements and Course Choices,2,2,1.0
Academic Probation,Curriculum Requirements and Course Choices,4,4,1.0
Academic Recognition and Honors,Credit Transfer and Academic Procedures,1,1,1.0
Academic Resource Center,Curriculum Requirements and Course Choices,1,1,1.0
Academic Suspension,Credit Transfer and Academic Procedures,2,3,0.6666666666666666
Academic Suspension,Curriculum Requirements and Course Choices,1,3,0.3333333333333333
Academic Warning,Curriculum Requirements and Course Choices,2,2,1.0
Accommodations,Credit Transfer and Academic Procedures,1,1,1.0
After Week 12 0%,Curriculum Requirements and Course Choices,2,2,1.0
Animating Principles,Credit Transfer and Academic Procedures,1,2,0.5
Animating Principles,Global Humanities and Social Sciences,1,2,0.5
Application Requirements,Curriculum Requirements and Course Choices,1,1,1.0
Application Timelines,Curriculum Requirements and Course Choices,1,1,1.0
Applied Mathematics and Computational Sciences/Computer Science,STEM and Quantitative Methods,1,1,1.0
April 3-5 Sunday-Tuesday. Qing Ming – Tomb Sweeping Day – No classes,Curriculum Requirements and Course Choices,2,2,1.0
Arts (ARTS),Curriculum Requirements and Course Choices,1,1,1.0
Arts and Culture,Credit Transfer and Academic Procedures,1,1,1.0
Arts and Humanities (ARHU),"Media, Writing, and Arts",2,2,1.0
Athletics & University Sports,Credit Transfer and Academic Procedures,2,2,1.0
B- 2.7 D- 1.0,Credit Transfer and Academic Procedures,1,2,0.5
B- 2.7 D- 1.0,Curriculum Requirements and Course Choices,1,2,0.5
BEHAVSCI 402 Judgement and Decision Making 4,Curriculum Requirements and Course Choices,1,1,1.0
BIOL 110 Integrated Science - Biology 4,Curriculum Requirements and Course Choices,1,1,1.0
BIOL 311 Biogeochemistry 4,Curriculum Requirements and Course Choices,1,1,1.0
BIOL 404 Genomics of Adaptation 4,Global Humanities and Social Sciences,1,1,1.0
Behavior Science (BEHAVSCI),Global Humanities and Social Sciences,1,11,0.09090909090909091
Behavior Science (BEHAVSCI),"Policy, Economics, and Environment",6,11,0.5454545454545454
Behavior Science (BEHAVSCI),STEM and Quantitative Methods,4,11,0.36363636363636365
Behavioral Science with tracks in Psychology and Neuroscience,Credit Transfer and Academic Procedures,1,2,0.5
Behavioral Science with tracks in Psychology and Neuroscience,"Policy, Economics, and Environment",1,2,0.5
Biology (BIOL),Curriculum Requirements and Course Choices,1,32,0.03125
Biology (BIOL),Global Humanities and Social Sciences,1,32,0.03125
Biology (BIOL),"Policy, Economics, and Environment",3,32,0.09375
Biology (BIOL),STEM and Quantitative Methods,27,32,0.84375
"Biology, Genetics and Genomics",STEM and Quantitative Methods,2,2,1.0
Blue Oasis Student Center,Credit Transfer and Academic Procedures,1,1,1.0
"Borders, Boundaries and Ethnic Peoples in China 4",Global Humanities and Social Sciences,1,1,1.0
COMPSCI 308 Design and Analysis of Algorithms 4,Curriculum Requirements and Course Choices,1,1,1.0
CULANTH 201 New Media and Society 4,Curriculum Requirements and Course Choices,1,1,1.0
CULANTH 302 Field Methods 4,Curriculum Requirements and Course Choices,1,1,1.0
Campus Deposit,Curriculum Requirements and Course Choices,2,2,1.0
Campus Engagement,Credit Transfer and Academic Procedures,1,1,1.0
Campus Health Clinic,Curriculum Requirements and Course Choices,2,2,1.0
Campus Programs,Credit Transfer and Academic Procedures,2,2,1.0
Capstone (CAPSTONE),Curriculum Requirements and Course Choices,2,2,1.0
Career Services,Credit Transfer and Academic Procedures,1,2,0.5
Career Services,Curriculum Requirements and Course Choices,1,2,0.5
Chemistry (CHEM),Curriculum Requirements and Course Choices,1,15,0.06666666666666667
Chemistry (CHEM),STEM and Quantitative Methods,14,15,0.9333333333333333
China,Chinese Language and China Studies,1,1,1.0
China and the World,Global Humanities and Social Sciences,1,1,1.0
Chinese (CHINESE),Chinese Language and China Studies,30,31,0.967741935483871
Chinese (CHINESE),Credit Transfer and Academic Procedures,1,31,0.03225806451612903
Chinese Society and Culture (CHSC),Chinese Language and China Studies,6,8,0.75
Chinese Society and Culture (CHSC),Curriculum Requirements and Course Choices,2,8,0.25
Chinese Student Services and Student Mobility,Credit Transfer and Academic Procedures,1,1,1.0
Class Attendance and Missed Work,Curriculum Requirements and Course Choices,2,2,1.0
Class Scheduling,Curriculum Requirements and Course Choices,1,1,1.0
College Board Advanced Placement Program (AP) Examinations,Credit Transfer and Academic Procedures,1,1,1.0
Compliance with Academic Regulations,Credit Transfer and Academic Procedures,1,1,1.0
Computer Design (COMPDSGN),STEM and Quantitative Methods,1,1,1.0
Computer Science (COMPSCI),Curriculum Requirements and Course Choices,1,20,0.05
Computer Science (COMPSCI),"Policy, Economics, and Environment",1,20,0.05
Computer Science (COMPSCI),STEM and Quantitative Methods,18,20,0.9
Core Components,Curriculum Requirements and Course Choices,2,2,1.0
Counseling and Psychological Services (CAPS),Credit Transfer and Academic Procedures,1,1,1.0
Course Approval and Credit Transfer,Credit Transfer and Academic Procedures,1,1,1.0
Course Audit,Credit Transfer and Academic Procedures,1,2,0.5
Course Audit,Curriculum Requirements and Course Choices,1,2,0.5
Course Changes for the Summer Terms,Curriculum Requirements and Course Choices,1,1,1.0
Course Credits,Credit Transfer and Academic Procedures,1,2,0.5
Course Credits,Curriculum Requirements and Course Choices,1,2,0.5
Course Descriptions,Curriculum Requirements and Course Choices,1,1,1.0
Course Repeat,Credit Transfer and Academic Procedures,1,2,0.5
Course Repeat,Curriculum Requirements and Course Choices,1,2,0.5
Credit,Chinese Language and China Studies,1,3,0.3333333333333333
Credit,Curriculum Requirements and Course Choices,2,3,0.6666666666666666
Credit (CR/NC) Grading System.),Credit Transfer and Academic Procedures,3,4,0.75
Credit (CR/NC) Grading System.),Curriculum Requirements and Course Choices,1,4,0.25
Credits Required for Degree,Credit Transfer and Academic Procedures,2,2,1.0
Cultural Anthropology (CULANTH),Chinese Language and China Studies,2,21,0.09523809523809523
Cultural Anthropology (CULANTH),Curriculum Requirements and Course Choices,1,21,0.047619047619047616
Cultural Anthropology (CULANTH),Global Humanities and Social Sciences,14,21,0.6666666666666666
Cultural Anthropology (CULANTH),"Media, Writing, and Arts",4,21,0.19047619047619047
Cultures and Movements (CULMOVE),Chinese Language and China Studies,2,9,0.2222222222222222
Cultures and Movements (CULMOVE),Curriculum Requirements and Course Choices,1,9,0.1111111111111111
Cultures and Movements (CULMOVE),Global Humanities and Social Sciences,4,9,0.4444444444444444
Cultures and Movements (CULMOVE),"Media, Writing, and Arts",1,9,0.1111111111111111
Cultures and Movements (CULMOVE),"Policy, Economics, and Environment",1,9,0.1111111111111111
Data Science,STEM and Quantitative Methods,1,1,1.0
Dean's List,Curriculum Requirements and Course Choices,1,1,1.0
Declaration of Major,Credit Transfer and Academic Procedures,1,1,1.0
Disciplinary Courses,Curriculum Requirements and Course Choices,1,1,1.0
Dual Degrees,Credit Transfer and Academic Procedures,1,1,1.0
Duke Kunshan University Community Standard,Credit Transfer and Academic Procedures,1,1,1.0
"Duke Kunshan University is a Sino-American partnership of Duke University, Wuhan",Credit Transfer and Academic Procedures,2,2,1.0
Duke Kunshan University recognizes the International Baccalaureate Program; the French,Curriculum Requirements and Course Choices,1,1,1.0
Duke University,Credit Transfer and Academic Procedures,1,1,1.0
ECON 402 International Finance 4,Global Humanities and Social Sciences,1,1,1.0
ENVIR 301 International Environmental Policy 4,Curriculum Requirements and Course Choices,1,1,1.0
ENVIR 403 Energy Economics and Policy 4,Global Humanities and Social Sciences,1,1,1.0
ETHLDR 490 Senior Seminar: Advanced Topics 4,Curriculum Requirements and Course Choices,1,1,1.0
Economics (ECON),Curriculum Requirements and Course Choices,2,25,0.08
Economics (ECON),"Policy, Economics, and Environment",22,25,0.88
Economics (ECON),STEM and Quantitative Methods,1,25,0.04
Education Records,Credit Transfer and Academic Procedures,2,2,1.0
Electives,Curriculum Requirements and Course Choices,5,5,1.0
Eligibility,Credit Transfer and Academic Procedures,2,2,1.0
Eligibility for Courses,Curriculum Requirements and Course Choices,1,1,1.0
Engagement,STEM and Quantitative Methods,1,1,1.0
English (ENGLISH),Curriculum Requirements and Course Choices,2,2,1.0
English for Academic Purposes (EAP),Chinese Language and China Studies,1,10,0.1
English for Academic Purposes (EAP),Curriculum Requirements and Course Choices,3,10,0.3
English for Academic Purposes (EAP),"Media, Writing, and Arts",5,10,0.5
English for Academic Purposes (EAP),"Policy, Economics, and Environment",1,10,0.1
Enrollment Deposit,Curriculum Requirements and Course Choices,1,1,1.0
Enrollment in an Underload,Credit Transfer and Academic Procedures,1,2,0.5
Enrollment in an Underload,Curriculum Requirements and Course Choices,1,2,0.5
Entrance Credit and Placement,Credit Transfer and Academic Procedures,1,1,1.0
Environment (ENVIR),Chinese Language and China Studies,1,20,0.05
Environment (ENVIR),Curriculum Requirements and Course Choices,1,20,0.05
Environment (ENVIR),"Policy, Economics, and Environment",11,20,0.55
Environment (ENVIR),STEM and Quantitative Methods,7,20,0.35
Estimated Expenses,Curriculum Requirements and Course Choices,1,1,1.0
Ethics and Leadership (ETHLDR),Global Humanities and Social Sciences,9,13,0.6923076923076923
Ethics and Leadership (ETHLDR),"Policy, Economics, and Environment",4,13,0.3076923076923077
Exclusion of Disruptive Students from a Course,Curriculum Requirements and Course Choices,1,1,1.0
Failing Grades,Curriculum Requirements and Course Choices,1,1,1.0
Fall 2021,Curriculum Requirements and Course Choices,2,2,1.0
Fees for Courses,Curriculum Requirements and Course Choices,1,1,1.0
Final Examinations,Curriculum Requirements and Course Choices,1,1,1.0
Forfeiture of Precollege Credit Awarded,Credit Transfer and Academic Procedures,1,1,1.0
French (FRENCH),Curriculum Requirements and Course Choices,1,2,0.5
French (FRENCH),"Media, Writing, and Arts",1,2,0.5
Full-time and Part-time Degree Status,Curriculum Requirements and Course Choices,1,1,1.0
GCULS 303 Chinatowns: A Cultural History 4,Chinese Language and China Studies,1,1,1.0
GLHLTH 304 Global Health Governance and Policy 4,Curriculum Requirements and Course Choices,1,1,1.0
General Education Requirements,Credit Transfer and Academic Procedures,2,4,0.5
General Education Requirements,Curriculum Requirements and Course Choices,2,4,0.5
General Information,Credit Transfer and Academic Procedures,1,1,1.0
German (GERMAN),Curriculum Requirements and Course Choices,2,2,1.0
Global Challenges (GLOCHALL),"Media, Writing, and Arts",1,1,1.0
Global China Studies (GCHINA),Chinese Language and China Studies,9,9,1.0
Global Cultural Studies (GCULS),Chinese Language and China Studies,3,17,0.17647058823529413
Global Cultural Studies (GCULS),Global Humanities and Social Sciences,11,17,0.6470588235294118
Global Cultural Studies (GCULS),"Media, Writing, and Arts",3,17,0.17647058823529413
Global Health (GLHLTH),Global Humanities and Social Sciences,4,14,0.2857142857142857
Global Health (GLHLTH),"Media, Writing, and Arts",1,14,0.07142857142857142
Global Health (GLHLTH),"Policy, Economics, and Environment",7,14,0.5
Global Health (GLHLTH),STEM and Quantitative Methods,2,14,0.14285714285714285
Global Health with Tracks in Biology and Public Policy,"Policy, Economics, and Environment",1,1,1.0
Grade Point Average,Credit Transfer and Academic Procedures,1,1,1.0
Grade Review Procedure,Curriculum Requirements and Course Choices,1,1,1.0
Grading and Grade Requirements,Curriculum Requirements and Course Choices,1,1,1.0
Graduation and Commencement,Curriculum Requirements and Course Choices,1,1,1.0
Graduation with Distinction,Curriculum Requirements and Course Choices,2,2,1.0
HIST 110 Historical Perspectives on Contemporary Global Issues 4,Global Humanities and Social Sciences,1,1,1.0
HIST 201 History Methods and Research 4,Chinese Language and China Studies,1,3,0.3333333333333333
HIST 201 History Methods and Research 4,Curriculum Requirements and Course Choices,1,3,0.3333333333333333
HIST 201 History Methods and Research 4,Global Humanities and Social Sciences,1,3,0.3333333333333333
HIST 220 Global Media History 4,Curriculum Requirements and Course Choices,1,1,1.0
HIST 312 Southeast Asia and the Rise of Global Trade 4,Global Humanities and Social Sciences,1,1,1.0
Handbook,Curriculum Requirements and Course Choices,1,1,1.0
Health Insurance,Credit Transfer and Academic Procedures,1,1,1.0
History,Global Humanities and Social Sciences,1,1,1.0
History (HIST),Chinese Language and China Studies,17,56,0.30357142857142855
History (HIST),Curriculum Requirements and Course Choices,4,56,0.07142857142857142
History (HIST),Global Humanities and Social Sciences,27,56,0.48214285714285715
History (HIST),"Media, Writing, and Arts",7,56,0.125
History (HIST),"Policy, Economics, and Environment",1,56,0.017857142857142856
Host Family Program,Credit Transfer and Academic Procedures,1,1,1.0
How to Apply,Credit Transfer and Academic Procedures,1,1,1.0
INFOSCI 301 Data Visualization and Information Aesthetics 4,Curriculum Requirements and Course Choices,1,1,1.0
Incomplete Coursework and Excused Absence from Final Exam,Curriculum Requirements and Course Choices,2,2,1.0
Independent Studies,Curriculum Requirements and Course Choices,1,1,1.0
Independent Study (INDSTU),Curriculum Requirements and Course Choices,1,1,1.0
Information Science (INFOSCI),"Media, Writing, and Arts",4,7,0.5714285714285714
Information Science (INFOSCI),STEM and Quantitative Methods,3,7,0.42857142857142855
Institutions and Governance (INSTGOV),Curriculum Requirements and Course Choices,1,1,1.0
Insurance,Curriculum Requirements and Course Choices,1,1,1.0
Integrated Science (INTGSCI),STEM and Quantitative Methods,2,2,1.0
International Student Services,Credit Transfer and Academic Procedures,1,1,1.0
Involuntary Withdrawal,Credit Transfer and Academic Procedures,1,1,1.0
Italian (ITALIAN),Curriculum Requirements and Course Choices,2,2,1.0
January 31- February 6,Curriculum Requirements and Course Choices,1,1,1.0
Japanese (JAPANESE),Curriculum Requirements and Course Choices,4,4,1.0
Joint Entrance Exam (JEE); or,Credit Transfer and Academic Procedures,1,1,1.0
Key Components,Credit Transfer and Academic Procedures,1,1,1.0
Kunshan,Chinese Language and China Studies,1,1,1.0
LIT 214 Introduction to Literary Research Writ Large 4,Curriculum Requirements and Course Choices,1,1,1.0
LIT 308 American Icons 4,Curriculum Requirements and Course Choices,1,1,1.0
Language Courses (8-16 Credits),Curriculum Requirements and Course Choices,1,1,1.0
Latin (LATIN),Curriculum Requirements and Course Choices,1,1,1.0
Latin Honors,Curriculum Requirements and Course Choices,1,1,1.0
Leadership Development,Global Humanities and Social Sciences,2,2,1.0
Leave of Absence,Credit Transfer and Academic Procedures,1,2,0.5
Leave of Absence,Curriculum Requirements and Course Choices,1,2,0.5
Literature (LIT),Chinese Language and China Studies,5,31,0.16129032258064516
Literature (LIT),Global Humanities and Social Sciences,21,31,0.6774193548387096
Literature (LIT),"Media, Writing, and Arts",5,31,0.16129032258064516
MATH 105 Calculus 4,Curriculum Requirements and Course Choices,1,2,0.5
MATH 105 Calculus 4,STEM and Quantitative Methods,1,2,0.5
MATH 303 ODE and Dynamical Systems 4,Curriculum Requirements and Course Choices,1,1,1.0
MATH 401 Abstract Algebra 4,Curriculum Requirements and Course Choices,1,1,1.0
MATH 406 Mathematical Modeling 4,STEM and Quantitative Methods,1,1,1.0
"MEDIART 202 Ideas, Imagination, and Creativity 4",Curriculum Requirements and Course Choices,1,1,1.0
MEDIART 217,Chinese Language and China Studies,1,1,1.0
MEDIART 490 Senior Seminar: Advanced Topics,Curriculum Requirements and Course Choices,1,1,1.0
Major Requirements,Curriculum Requirements and Course Choices,1,1,1.0
Material Science (MATSCI),STEM and Quantitative Methods,11,11,1.0
Materials Science with tracks in Chemistry and Physics,STEM and Quantitative Methods,1,1,1.0
Mathematics,STEM and Quantitative Methods,1,1,1.0
Mathematics (MATH),Curriculum Requirements and Course Choices,1,24,0.041666666666666664
Mathematics (MATH),STEM and Quantitative Methods,23,24,0.9583333333333334
May 1-3 Monday. International Labor Day Celebration – May Day – No classes,Curriculum Requirements and Course Choices,1,1,1.0
Media and Arts (MEDIART),Chinese Language and China Studies,3,44,0.06818181818181818
Media and Arts (MEDIART),Curriculum Requirements and Course Choices,1,44,0.022727272727272728
Media and Arts (MEDIART),"Media, Writing, and Arts",40,44,0.9090909090909091
Medical Withdrawal from a Course,Credit Transfer and Academic Procedures,1,2,0.5
Medical Withdrawal from a Course,Curriculum Requirements and Course Choices,1,2,0.5
Military Science (MILITSCI),Curriculum Requirements and Course Choices,1,2,0.5
Military Science (MILITSCI),STEM and Quantitative Methods,1,2,0.5
"Military Traininga,c",Curriculum Requirements and Course Choices,1,1,1.0
Mission Statement,Credit Transfer and Academic Procedures,1,1,1.0
Music (MUSIC),Credit Transfer and Academic Procedures,1,1,1.0
Neuroscience (NEUROSCI),STEM and Quantitative Methods,4,4,1.0
Non-Credit Mini-Term Courses,Curriculum Requirements and Course Choices,1,1,1.0
Notification and Responses,Curriculum Requirements and Course Choices,1,1,1.0
Notification of Intention to Graduate,Credit Transfer and Academic Procedures,1,1,1.0
Office of Global Education and Study Away,Credit Transfer and Academic Procedures,1,1,1.0
Other Placement Tests,Credit Transfer and Academic Procedures,1,1,1.0
Other Study Away Programs,Credit Transfer and Academic Procedures,1,1,1.0
Overload,Curriculum Requirements and Course Choices,1,1,1.0
Overview,Credit Transfer and Academic Procedures,1,2,0.5
Overview,"Media, Writing, and Arts",1,2,0.5
PHIL 106 Global Philosophy 4,Global Humanities and Social Sciences,1,1,1.0
PHYS 404 Nonlinear Dynamics 4,"Media, Writing, and Arts",1,1,1.0
PSYCH 313,Chinese Language and China Studies,1,1,1.0
PUBPOL 303 Policy Choice as Value Conflict 4,Curriculum Requirements and Course Choices,1,1,1.0
PUBPOL 317 Plastic Planet: Pollution and Solutions 4,Global Humanities and Social Sciences,1,1,1.0
Passing Grades,Curriculum Requirements and Course Choices,1,1,1.0
Payment,Curriculum Requirements and Course Choices,2,2,1.0
Philosophy (PHIL),Chinese Language and China Studies,2,17,0.11764705882352941
Philosophy (PHIL),Global Humanities and Social Sciences,9,17,0.5294117647058824
Philosophy (PHIL),"Policy, Economics, and Environment",2,17,0.11764705882352941
Philosophy (PHIL),STEM and Quantitative Methods,4,17,0.23529411764705882
Physical Education (PHYSEDU),Curriculum Requirements and Course Choices,1,28,0.03571428571428571
Physical Education (PHYSEDU),"Media, Writing, and Arts",1,28,0.03571428571428571
Physical Education (PHYSEDU),Physical Education and Wellness,26,28,0.9285714285714286
Physics (PHYS),Curriculum Requirements and Course Choices,2,19,0.10526315789473684
Physics (PHYS),STEM and Quantitative Methods,17,19,0.8947368421052632
Placement in Languages,Chinese Language and China Studies,1,2,0.5
Placement in Languages,Credit Transfer and Academic Procedures,1,2,0.5
Policy,Curriculum Requirements and Course Choices,1,4,0.25
Policy,Global Humanities and Social Sciences,1,4,0.25
Policy,STEM and Quantitative Methods,2,4,0.5
Political Economy (POLECON),Chinese Language and China Studies,3,7,0.42857142857142855
Political Economy (POLECON),Global Humanities and Social Sciences,1,7,0.14285714285714285
Political Economy (POLECON),"Policy, Economics, and Environment",3,7,0.42857142857142855
Political Science (POLSCI),Chinese Language and China Studies,2,40,0.05
Political Science (POLSCI),Curriculum Requirements and Course Choices,2,40,0.05
Political Science (POLSCI),Global Humanities and Social Sciences,26,40,0.65
Political Science (POLSCI),"Policy, Economics, and Environment",10,40,0.25
Prematriculation Credit,Credit Transfer and Academic Procedures,1,1,1.0
Principles of Selection,Credit Transfer and Academic Procedures,1,1,1.0
Procedure for Resolution of Students' Academic Concerns,Credit Transfer and Academic Procedures,1,2,0.5
Procedure for Resolution of Students' Academic Concerns,Curriculum Requirements and Course Choices,1,2,0.5
Psychology (PSYCH),Global Humanities and Social Sciences,3,7,0.42857142857142855
Psychology (PSYCH),"Policy, Economics, and Environment",1,7,0.14285714285714285
Psychology (PSYCH),STEM and Quantitative Methods,3,7,0.42857142857142855
Public Policy,Global Humanities and Social Sciences,1,1,1.0
Public Policy (PUBPOL),Chinese Language and China Studies,1,38,0.02631578947368421
Public Policy (PUBPOL),Global Humanities and Social Sciences,5,38,0.13157894736842105
Public Policy (PUBPOL),"Policy, Economics, and Environment",32,38,0.8421052631578947
Reasoning course in General Education,Credit Transfer and Academic Procedures,1,1,1.0
Refund,Credit Transfer and Academic Procedures,1,1,1.0
Registration,Credit Transfer and Academic Procedures,1,2,0.5
Registration,Curriculum Requirements and Course Choices,1,2,0.5
Religious Holidays,Credit Transfer and Academic Procedures,1,2,0.5
Religious Holidays,Curriculum Requirements and Course Choices,1,2,0.5
Religious Studies (RELIG),Chinese Language and China Studies,1,16,0.0625
Religious Studies (RELIG),Global Humanities and Social Sciences,14,16,0.875
Religious Studies (RELIG),"Media, Writing, and Arts",1,16,0.0625
Requirements for All Majors,Curriculum Requirements and Course Choices,1,1,1.0
Research Independent Study (RINDSTU),"Policy, Economics, and Environment",1,1,1.0
Residence Charge,Chinese Language and China Studies,1,1,1.0
Residence Life,Credit Transfer and Academic Procedures,2,2,1.0
Restriction on Past Due Accounts,Curriculum Requirements and Course Choices,1,1,1.0
SOSC 320 Data in the World: Applied Social Statistics 4,"Policy, Economics, and Environment",1,1,1.0
STATS 101 Introduction to Applied Statistical Methods 4,Curriculum Requirements and Course Choices,1,1,1.0
Satisfactory Performance Each Term (Term Credit Requirements),Credit Transfer and Academic Procedures,1,1,1.0
Scholarships and Financial Aid,Credit Transfer and Academic Procedures,1,2,0.5
Scholarships and Financial Aid,Curriculum Requirements and Course Choices,1,2,0.5
Science and Religious Studies,Chinese Language and China Studies,1,1,1.0
"Section 3, Credits Required for Degrees.)",Curriculum Requirements and Course Choices,1,1,1.0
"Service, Cultural, General Interest, Professional and Academic, Sports, and Student-Run",Credit Transfer and Academic Procedures,1,1,1.0
Seven Principles of Duke Kunshan University Academic Advising,Curriculum Requirements and Course Choices,2,2,1.0
Signature Work and Experiential Education (8 credits and one Experiential Learning,Credit Transfer and Academic Procedures,1,1,1.0
Social Science (SOSC),Global Humanities and Social Sciences,2,10,0.2
Social Science (SOSC),"Media, Writing, and Arts",1,10,0.1
Social Science (SOSC),"Policy, Economics, and Environment",5,10,0.5
Social Science (SOSC),STEM and Quantitative Methods,2,10,0.2
Sociology (SOCIOL),Global Humanities and Social Sciences,13,14,0.9285714285714286
Sociology (SOCIOL),"Policy, Economics, and Environment",1,14,0.07142857142857142
Spanish (SPANISH),Curriculum Requirements and Course Choices,1,1,1.0
Spring 2022,Curriculum Requirements and Course Choices,1,1,1.0
Statement on Diversity and Inclusion,Credit Transfer and Academic Procedures,1,2,0.5
Statement on Diversity and Inclusion,Global Humanities and Social Sciences,1,2,0.5
Statistics (STATS),Curriculum Requirements and Course Choices,1,15,0.06666666666666667
Statistics (STATS),"Policy, Economics, and Environment",2,15,0.13333333333333333
Statistics (STATS),STEM and Quantitative Methods,12,15,0.8
Structures,Curriculum Requirements and Course Choices,1,1,1.0
Student Affairs,Global Humanities and Social Sciences,1,1,1.0
Student Affairs Conceptual Framework,Credit Transfer and Academic Procedures,1,1,1.0
Student Bills,Curriculum Requirements and Course Choices,1,1,1.0
Student Clubs and Organizations,Credit Transfer and Academic Procedures,1,1,1.0
Student Conduct,Credit Transfer and Academic Procedures,1,1,1.0
Student Research Opportunities,Credit Transfer and Academic Procedures,1,1,1.0
Students on Academic Probation,Curriculum Requirements and Course Choices,1,1,1.0
Study Away Costs,Curriculum Requirements and Course Choices,1,1,1.0
Study Away Opportunities,Credit Transfer and Academic Procedures,1,1,1.0
Study Away at Duke University,Credit Transfer and Academic Procedures,2,2,1.0
Submission of Term Paper,Curriculum Requirements and Course Choices,1,1,1.0
Summer 2022,Curriculum Requirements and Course Choices,1,1,1.0
TOEFL/IELTS or Duolingo for Non-Native English speakers,Chinese Language and China Studies,1,2,0.5
TOEFL/IELTS or Duolingo for Non-Native English speakers,Credit Transfer and Academic Procedures,1,2,0.5
The Provision of Academic Information to Parents and Guardians,Curriculum Requirements and Course Choices,1,1,1.0
The W and WA Designations,Curriculum Requirements and Course Choices,2,2,1.0
Thematic Courses,Curriculum Requirements and Course Choices,1,1,1.0
Third Language (TLANG),Curriculum Requirements and Course Choices,4,4,1.0
Time Limit for Completing Undergraduate Degree,Credit Transfer and Academic Procedures,1,1,1.0
"Total Cost of Attendance $37,573 $33,457",Chinese Language and China Studies,1,2,0.5
"Total Cost of Attendance $37,573 $33,457",Credit Transfer and Academic Procedures,1,2,0.5
"Total Cost of Attendance ¥ 115,560 ¥ 115,260 ¥ 7,235",Chinese Language and China Studies,1,1,1.0
Transfer Credit for Foreign Language,Credit Transfer and Academic Procedures,1,1,1.0
Transfer of Work Taken Elsewhere,Credit Transfer and Academic Procedures,2,2,1.0
"Transfer of Work Taken Elsewhere, Part 6.)",Credit Transfer and Academic Procedures,2,2,1.0
Tuition and Fees,Curriculum Requirements and Course Choices,1,1,1.0
Two Signature Work Capstone Courses (8 credits),Curriculum Requirements and Course Choices,1,1,1.0
Two-Credit Writing Courses,Curriculum Requirements and Course Choices,1,1,1.0
US Studies (USTUD),Global Humanities and Social Sciences,3,4,0.75
US Studies (USTUD),"Media, Writing, and Arts",1,4,0.25
Undergraduate Course Load,Curriculum Requirements and Course Choices,1,1,1.0
Undergraduate Status,Credit Transfer and Academic Procedures,1,1,1.0
Underload,Credit Transfer and Academic Procedures,1,1,1.0
Useful Contacts,Credit Transfer and Academic Procedures,1,1,1.0
Visas,Credit Transfer and Academic Procedures,1,1,1.0
Voluntary Withdrawal,Curriculum Requirements and Course Choices,1,1,1.0
War,STEM and Quantitative Methods,2,2,1.0
Withdrawal to an Underload,Curriculum Requirements and Course Choices,1,1,1.0
Work Taken After Matriculation at Duke Kunshan University,Credit Transfer and Academic Procedures,2,2,1.0
Work Taken During High School,Credit Transfer and Academic Procedures,1,1,1.0
Written and Oral Communication (WOC),Curriculum Requirements and Course Choices,1,11,0.09090909090909091
Written and Oral Communication (WOC),"Media, Writing, and Arts",9,11,0.8181818181818182
Written and Oral Communication (WOC),"Policy, Economics, and Environment",1,11,0.09090909090909091
Wuhan University,Chinese Language and China Studies,1,2,0.5
Wuhan University,Credit Transfer and Academic Procedures,1,2,0.5
and the World,Chinese Language and China Studies,1,1,1.0
"common: Computation, Society and Culture; Computation and Problem Solving, Programming","Media, Writing, and Arts",1,1,1.0
of 2022-2024,Curriculum Requirements and Course Choices,1,1,1.0
• Acceptance of Offer: By May 1,Credit Transfer and Academic Procedures,1,1,1.0
• High School Transcript5,Curriculum Requirements and Course Choices,1,1,1.0
• Prematriculation College Credit,Credit Transfer and Academic Procedures,1,1,1.0
• Release of Shortlist: Early April,Credit Transfer and Academic Procedures,1,1,1.0
• Signed Consent Form,Chinese Language and China Studies,1,1,1.0
